﻿Year, Revenue From Operations ,Less: Excise Duty,Revenue From Operations(Net), Other Income ,Total Revenue,EXPENSES:, Cost of Material Consumed , Internally Manufactured Intermediates or Components Consumed , Purchases of Stock-in-Trade ," Changes in Inventories of Finished Goods, Work-in-Progress and Stock-in-Trade ", Employee Benefits / Salaries & other Staff Cost , Finance Cost , Depreciation and Amortization , Other Expenses ,Total Expenses,Profit Before Exceptional Items and Tax, Exceptional Items Before Tax ,Profit Before Extraordinary Items and Tax, Prior Year Adjustments ,Other Adjustments Before Tax, Extraordinary Items Before Tax ,Profit Before Tax,Tax Expenses,Current Tax,Deferred Tax,Other Tax Adjustments,Current Tax - MAT / MAT Credit Entitlement,Fringe Benefits Tax,Provision for Wealth Tax,  Adjust for Previous Year ,Others,Profit After Tax,Pre-acquisition Profit,Profit After Pre-acquisition Profit, Extraordinary Items After Tax ,Profit/(Loss) for the period from Continuing Operations,Discontinued Operations,Profit / (Loss) from Discontinuing Operations,Tax Expense of Discontinuing Operations,Accounting Changes,Profit Attributable to Shareholders,Adjustments to Net Income,Interim Preference Dividend,Proposed / Final Preference Dividend,Prior Year Preference Dividend Paid,Preference Dividend,Preference Dividend Tax,Profit Attributable to Ordinary Shareholders, Others , Transfer from Reserves ,Unappropriated Profits Brought Forward,Profits Available for Appropriation, Dividend , Transfer to Reserves ,Dividend Tax,Capitalization for Bonus Issue,Unappropriated Profits Carried Forward,Other Comprehensive Income :, Other Comprehensive Income That Will Not Be Reclassified to Profit Or Loss , Other Comprehensive Income That Will Be Reclassified to Profit Or Loss : , Other Comprehensive Income no Specification : ,Non-Controlling Interests,Total Comprehensive Income for the Year,Earning Per Share - Basic,Earning Per Share - Diluted,Dividend Per Share,Interim 1,Interim 2,Interim 3,Interim 4,Special,Final,Total Dividend Per Share,Dividend Percentage,Interim 1,Interim 2,Interim 3,Interim 4,Special,Final,Total Dividend Percentage,Total Dividend,Preference Dividend,Weighted Average Number of Shares in Issue - Basic,Weighted Average Number of Shares in Issue - Diluted,Interim Dividend Amount,Final Dividend Amount,Special Dividend Amount,Dividend Amount Calculated,Other Dividend Amount,Weighted Average Number of Shares in Issue - Basic,Weighted Average Number of Shares in Issue - Diluted,Interim Dividend Amount,Final Dividend Amount,Special Dividend Amount,Dividend Amount Calculated,Other Dividend Amount
202203,5993,0,5993.4,61.62,6055.02,,3296.2,0,627.32,144.72,598.45,14.72,136.28,931.63,5749,305.7,-2.11,303.59,0,0,0,303.59,80.74,81.21,-0.48,0.01,0,0,0,0.01,0.01,222.85,0,222.85,0,222.85,0,0,0,0,222.85,0,0,0,0,0,0,222.85,0.01,0,0,222.85,0,0,0,0,222.85,,-8.16,0,0,0,214.69,17.56,17.56,,0,0,0,0,0,5,5,,0,0,0,0,0,5,50,63.44,0,12.69,12.69,0,63.44,0,0,0,12.69,12.69,0,63.44,0,0,0
202103,5899,0,5899.89,89.6,5989.49,,3289.82,0,556.08,-101.95,629.89,15.34,142.1,1007.07,5538,451.14,0,451.14,0,0,0,451.14,117.87,122.53,-4.56,-0.1,0,0,0,-0.1,-0.1,333.27,0,333.27,0,333.27,0,0,0,0,333.27,0,0,0,0,0,0,333.27,-0.1,0,0,333.27,0,0,0,0,333.27,,1.15,0,0,0,334.42,26.27,26.27,,0,0,0,0,0,5,5,,0,0,0,0,0,5,50,63.44,0,12.69,12.69,0,63.44,0,0,0,12.69,12.69,0,63.44,0,0,0
202003,5992,0,5992.52,128.71,6121.23,,3243.75,0,642.68,-236.53,589.63,19.85,129.32,1079.64,5468,652.89,0,652.89,0,0,0,652.89,176.6,181.16,-2.29,-2.27,0,0,0,-2.27,-2.27,476.29,0,476.29,0,476.29,0,0,0,0,476.29,0,0,0,0,0,0,476.29,-2.27,0,0,476.29,0,0,0,0,476.29,,-2.37,0,0,0,473.92,37.54,37.54,,0,0,0,0,0,5,5,,0,0,0,0,0,5,50,63.44,0,12.69,12.69,0,63.44,0,0,0,12.69,12.69,0,63.44,0,0,0
201903,5397,0,5397.65,104.7,5502.35,,2969.7,0,464.58,-59.75,493.05,9.09,111.31,887.9,4875,626.47,0,626.47,0,0,0,626.47,219.42,223.2,-3.72,-0.06,0,0,0,-0.06,-0.06,407.05,0,407.05,0,407.05,0,0,0,0,407.05,0,0,0,0,0,0,407.05,-0.06,0,0,407.05,0,0,0,0,407.05,,-5.18,0,0,0,401.87,32.08,32.08,,0,0,0,0,0,5,5,,0,0,0,0,0,5,50,63.44,0,12.69,12.69,0,63.44,0,0,0,12.69,12.69,0,63.44,0,0,0
201803,5139,307.84,4831.91,86.72,4918.63,,2225.51,0,657.97,115.29,455.25,4.39,101.51,817.89,4377,540.82,0,540.82,0,0,0,540.82,190.15,199.54,-10.48,1.09,0,0,0,1.09,1.09,350.67,0,350.67,0,350.67,0,0,0,0,350.67,0,0,0,0,0,0,350.67,1.09,0,0,350.67,0,0,0,0,350.67,,-2.79,0,0,0,347.88,27.64,27.64,,0,0,0,0,0,4,4,,0,0,0,0,0,4,40,50.76,0,12.69,12.69,0,50.76,0,0,0,12.69,12.69,0,50.76,0,0,0
201703,4360,419.61,3940.77,72.99,4013.76,,1889.87,0,616.26,-196,411.63,5.89,87.46,730.17,3545,468.48,0,468.48,0,0,0,468.48,157.99,171.64,-17.59,3.94,0,0,0,3.94,3.94,310.49,0,310.49,0,310.49,0,0,0,0,310.49,0,0,0,0,0,0,310.49,3.94,0,0,310.49,0,0,0,0,310.49,,-2.41,0,0,0,308.08,24.47,24.47,,0,0,0,0,0,3,3,,0,0,0,0,0,3,30,38.07,0,12.69,12.69,0,38.07,0,0,0,12.69,12.69,0,38.07,0,0,0
201603,3807,367.7,3439.94,55.33,3495.27,,1620.03,0,447.59,-31.12,382.66,5.18,76.93,637.25,3138,356.75,-0.8,355.95,0,0,0,355.95,115.93,122.86,-5.6,-1.33,0,0,0,-1.33,-1.33,240.02,0,240.02,0,240.02,0,0,0,0,240.02,0,0,0,0,0,0,240.02,-1.33,0,0,240.02,0,0,0,0,240.02,,-3.11,0,0,0,236.91,18.92,18.92,,0,0,0,0,0,0,0,,0,0,0,0,0,0,0,0,0,12.69,12.69,0,0,0,0,0,12.69,12.69,0,0,0,0,0
